{
  "eda_50": {
    "fit_time": [
      0.05414700508117676,
      0.0520777702331543,
      0.059859275817871094,
      0.05061697959899902,
      0.054553985595703125
    ],
    "score_time": [
      0.011769771575927734,
      0.01221013069152832,
      0.00937342643737793,
      0.01318812370300293,
      0.010762929916381836
    ],
    "test_accuracy": [
      0.7,
      0.7,
      0.7,
      0.7,
      0.7
    ],
    "train_accuracy": [
      1,
      1,
      1,
      1,
      1
    ],
    "test_precision": [
      0.7,
      0.7,
      0.7,
      0.7,
      0.7
    ],
    "train_precision": [
      1,
      1,
      1,
      1,
      1
    ],
    "test_recall": [
      1,
      1,
      1,
      1,
      1
    ],
    "train_recall": [
      1,
      1,
      1,
      1,
      1
    ],
    "test_f1": [
      0.8235294117647058,
      0.8235294117647058,
      0.8235294117647058,
      0.8235294117647058,
      0.8235294117647058
    ],
    "train_f1": [
      1,
      1,
      1,
      1,
      1
    ]
  },
  "unaltered_50": {
    "fit_time": [
      0.00930476188659668,
      0.008470296859741211,
      0.009087085723876953,
      0.008522748947143555,
      0.009446144104003906
    ],
    "score_time": [
      0.002599477767944336,
      0.002466440200805664,
      0.0022819042205810547,
      0.0025877952575683594,
      0.0024793148040771484
    ],
    "test_accuracy": [
      0.7,
      0.7,
      0.7,
      0.7,
      0.7
    ],
    "train_accuracy": [
      1,
      1,
      1,
      1,
      1
    ],
    "test_precision": [
      0.7,
      0.7,
      0.7,
      0.7,
      0.7
    ],
    "train_precision": [
      1,
      1,
      1,
      1,
      1
    ],
    "test_recall": [
      1,
      1,
      1,
      1,
      1
    ],
    "train_recall": [
      1,
      1,
      1,
      1,
      1
    ],
    "test_f1": [
      0.8235294117647058,
      0.8235294117647058,
      0.8235294117647058,
      0.8235294117647058,
      0.8235294117647058
    ],
    "train_f1": [
      1,
      1,
      1,
      1,
      1
    ]
  },
  "eda_100": {
    "fit_time": [
      0.13203024864196777,
      0.13144683837890625,
      0.12108349800109863,
      0.11848068237304688,
      0.14826607704162598
    ],
    "score_time": [
      0.027982711791992188,
      0.028416872024536133,
      0.024937868118286133,
      0.025873184204101562,
      0.022326231002807617
    ],
    "test_accuracy": [
      0.83,
      0.72,
      0.695,
      0.845,
      0.88
    ],
    "train_accuracy": [
      1,
      1,
      1,
      1,
      1
    ],
    "test_precision": [
      0.7875,
      0.6923076923076923,
      0.6900584795321637,
      0.802547770700637,
      0.8541666666666666
    ],
    "train_precision": [
      1,
      1,
      1,
      1,
      1
    ],
    "test_recall": [
      1,
      1,
      0.9365079365079365,
      1,
      0.9761904761904762
    ],
    "train_recall": [
      1,
      1,
      1,
      1,
      1
    ],
    "test_f1": [
      0.881118881118881,
      0.8181818181818181,
      0.7946127946127947,
      0.8904593639575972,
      0.9111111111111111
    ],
    "train_f1": [
      1,
      1,
      1,
      1,
      1
    ]
  },
  "unaltered_100": {
    "fit_time": [
      0.014638900756835938,
      0.012961149215698242,
      0.013503789901733398,
      0.01310276985168457,
      0.013777017593383789
    ],
    "score_time": [
      0.003248929977416992,
      0.0032019615173339844,
      0.0029392242431640625,
      0.003139972686767578,
      0.0027794837951660156
    ],
    "test_accuracy": [
      0.65,
      0.65,
      0.7,
      0.6,
      0.6
    ],
    "train_accuracy": [
      1,
      1,
      1,
      1,
      1
    ],
    "test_precision": [
      0.65,
      0.65,
      0.6842105263157895,
      0.6,
      0.6
    ],
    "train_precision": [
      1,
      1,
      1,
      1,
      1
    ],
    "test_recall": [
      1,
      1,
      1,
      1,
      1
    ],
    "train_recall": [
      1,
      1,
      1,
      1,
      1
    ],
    "test_f1": [
      0.787878787878788,
      0.787878787878788,
      0.8125000000000001,
      0.7499999999999999,
      0.7499999999999999
    ],
    "train_f1": [
      1,
      1,
      1,
      1,
      1
    ]
  },
  "eda_500": {
    "fit_time": [
      1.2242765426635742,
      1.2905008792877197,
      1.2183778285980225,
      1.2910149097442627,
      1.2454593181610107
    ],
    "score_time": [
      0.2865564823150635,
      0.2837541103363037,
      0.2978365421295166,
      0.2818763256072998,
      0.29570531845092773
    ],
    "test_accuracy": [
      0.913,
      0.917,
      0.917,
      0.871,
      0.845
    ],
    "train_accuracy": [
      1,
      1,
      1,
      1,
      1
    ],
    "test_precision": [
      0.9021897810218978,
      0.9342723004694836,
      0.9425837320574163,
      0.8704512372634643,
      0.8567208271787297
    ],
    "train_precision": [
      1,
      1,
      1,
      1,
      1
    ],
    "test_recall": [
      0.9686520376175548,
      0.9357366771159875,
      0.9263322884012539,
      0.9373040752351097,
      0.9090909090909091
    ],
    "train_recall": [
      1,
      1,
      1,
      1,
      1
    ],
    "test_f1": [
      0.9342403628117913,
      0.9350039154267815,
      0.9343873517786561,
      0.9026415094339624,
      0.8821292775665398
    ],
    "train_f1": [
      1,
      1,
      1,
      1,
      1
    ]
  },
  "unaltered_500": {
    "fit_time": [
      0.0963902473449707,
      0.10121321678161621,
      0.09427380561828613,
      0.09859061241149902,
      0.09390830993652344
    ],
    "score_time": [
      0.0149688720703125,
      0.01468515396118164,
      0.015805721282958984,
      0.01441335678100586,
      0.01527857780456543
    ],
    "test_accuracy": [
      0.91,
      0.9,
      0.91,
      0.87,
      0.83
    ],
    "train_accuracy": [
      1,
      1,
      1,
      1,
      1
    ],
    "test_precision": [
      0.8873239436619719,
      0.8857142857142857,
      0.9230769230769231,
      0.8591549295774648,
      0.8285714285714286
    ],
    "train_precision": [
      1,
      1,
      1,
      1,
      1
    ],
    "test_recall": [
      0.984375,
      0.96875,
      0.9375,
      0.953125,
      0.9206349206349206
    ],
    "train_recall": [
      1,
      1,
      1,
      1,
      1
    ],
    "test_f1": [
      0.9333333333333333,
      0.9253731343283582,
      0.9302325581395349,
      0.9037037037037037,
      0.8721804511278196
    ],
    "train_f1": [
      1,
      1,
      1,
      1,
      1
    ]
  },
  "eda_1000": {
    "fit_time": [
      3.6007564067840576,
      3.5859389305114746,
      3.6359505653381348,
      3.5529844760894775,
      3.528531551361084
    ],
    "score_time": [
      0.8599762916564941,
      0.864410400390625,
      0.8708169460296631,
      0.8351831436157227,
      0.8941953182220459
    ],
    "test_accuracy": [
      0.8875,
      0.879,
      0.887,
      0.894,
      0.9095
    ],
    "train_accuracy": [
      0.999,
      0.999,
      0.99875,
      0.999625,
      0.99875
    ],
    "test_precision": [
      0.9258605472197705,
      0.9388888888888889,
      0.9003322259136213,
      0.929701230228471,
      0.9286321155480034
    ],
    "train_precision": [
      0.9983221476510067,
      1,
      1,
      1,
      1
    ],
    "test_recall": [
      0.8815126050420168,
      0.8521008403361344,
      0.9109243697478991,
      0.8890756302521008,
      0.9184873949579831
    ],
    "train_recall": [
      1,
      0.9983193277310924,
      0.9978991596638656,
      0.9993697478991597,
      0.9978991596638656
    ],
    "test_f1": [
      0.9031424881618596,
      0.8933920704845815,
      0.9055973266499583,
      0.90893470790378,
      0.9235318969159273
    ],
    "train_f1": [
      0.9991603694374475,
      0.9991589571068125,
      0.9989484752891693,
      0.9996847746138489,
      0.9989484752891693
    ]
  },