,eda,unaltered
50,0.7,0.7
100,0.7939999999999999,0.64
500,0.8926000000000001,0.884
1000,0.8914000000000002,0.893
5000,0.92226,0.9262
